{"cameraMode":{"drawMode":0,"name":"Shaded","section":"Shading Mode"},"sceneLighting":false,"audioPlay":false,"sceneViewState":{"showFog":true,"showMaterialUpdate":true,"showSkybox":true,"showFlares":true,"showImageEffects":true,"showParticleSystems":true},"in2DMode":false,"pivot":{"x":55.77278518676758,"y":-28.517688751220704,"z":-1.6747684478759766},"rotation":{"x":0.1522897481918335,"y":0.7486781477928162,"z":-0.1844061315059662,"w":0.6182906627655029},"size":116.10905456542969,"orthographic":false}