{"cameraMode":{"drawMode":0,"name":"Shaded","section":"Shading Mode"},"sceneLighting":false,"audioPlay":false,"sceneViewState":{"showFog":true,"showMaterialUpdate":true,"showSkybox":true,"showFlares":true,"showImageEffects":true,"showParticleSystems":true},"in2DMode":false,"pivot":{"x":5.719864845275879,"y":-7.813843727111816,"z":-0.4297173023223877},"rotation":{"x":0.14524409174919129,"y":0.8127096891403198,"z":-0.22886835038661958,"w":0.5157774686813355},"size":34.4422492980957,"orthographic":false}