{"cameraMode":{"drawMode":0,"name":"Shaded","section":"Shading Mode"},"sceneLighting":false,"audioPlay":false,"sceneViewState":{"showFog":true,"showMaterialUpdate":true,"showSkybox":true,"showFlares":true,"showImageEffects":true,"showParticleSystems":true},"in2DMode":false,"pivot":{"x":0.779949963092804,"y":0.22214782238006593,"z":-4.188652038574219},"rotation":{"x":0.011223308742046357,"y":0.98527592420578,"z":-0.15496236085891725,"w":0.0713600218296051},"size":7.643482685089111,"orthographic":false}